City_ID,City,Country,Date,Lat,Lng,Max Temp,Humidity,Cloudiness,Wind Speed
0,Hilo,US,2022-05-08 01:52:34,19.7297,-155.09,85.28,83,100,12.66
1,Tuktoyaktuk,CA,2022-05-08 01:56:56,69.4541,-133.0374,35.6,80,20,14.97
2,Tari,NG,2022-05-08 01:56:57,12.4086,4.4914,89.65,43,89,13.47
3,Bluff,NZ,2022-05-08 01:56:57,-46.6,168.3333,58.8,92,100,5.26
4,New Norfolk,AU,2022-05-08 01:56:58,-42.7826,147.0587,59.72,56,92,3.83
5,Ushuaia,AR,2022-05-08 01:56:59,-54.8,-68.3,47.86,46,20,17.27
6,Busselton,AU,2022-05-08 01:56:59,-33.65,115.3333,66.11,60,47,5.14
7,Mutoko,ZW,2022-05-08 01:57:00,-17.397,32.2268,58.01,82,10,1.48
8,Meulaboh,ID,2022-05-08 01:57:01,4.1363,96.1285,77.61,89,100,5.26
9,De Aar,ZA,2022-05-08 01:57:01,-30.6497,24.0123,49.05,87,2,13.8
10,Saldanha,ZA,2022-05-08 01:57:02,-33.0117,17.9442,50.05,84,0,14.05
11,Coahuayana,MX,2022-05-08 01:56:09,18.7333,-103.6833,73.47,84,70,2.77
12,Victoria,HK,2022-05-08 01:57:03,22.2855,114.1577,82.18,60,84,8.99
13,Atuona,PF,2022-05-08 01:57:04,-9.8,-139.0333,78.94,73,55,15.88
14,Kortkeros,RU,2022-05-08 01:57:04,61.8106,51.5806,46.4,75,20,9.48
15,Flinders,AU,2022-05-08 01:57:05,-34.5833,150.8552,71.06,52,0,8.99
16,Punta Arenas,CL,2022-05-08 01:57:05,-53.15,-70.9167,46.51,66,20,25.32
17,Ambulu,ID,2022-05-08 01:57:06,-8.345,113.6058,84.25,75,99,0.78
18,Petaling Jaya,MY,2022-05-08 01:57:07,3.1073,101.6067,82.11,83,20,2.3
19,Jamestown,US,2022-05-08 01:57:07,42.097,-79.2353,47.52,79,2,7.34
20,Hobart,AU,2022-05-08 01:54:28,-42.8794,147.3294,60.06,61,75,14.97
21,Kodiak,US,2022-05-08 01:57:08,57.79,-152.4072,49.6,57,8,11.92
22,Fairbanks,US,2022-05-08 01:57:09,64.8378,-147.7164,48.22,81,100,3.44
23,Longyearbyen,SJ,2022-05-08 01:57:09,78.2186,15.6401,12.04,57,20,11.5
24,Hermanus,ZA,2022-05-08 01:53:24,-34.4187,19.2345,58.42,81,100,4.34
25,Antalaha,MG,2022-05-08 01:57:10,-14.9003,50.2788,73.47,91,47,5.26
26,Chuy,UY,2022-05-08 01:57:11,-33.6971,-53.4616,56.7,84,3,4.65
27,Butaritari,KI,2022-05-08 01:57:12,3.0707,172.7902,82.15,75,16,16.26
28,Cayenne,GF,2022-05-08 01:55:15,4.9333,-52.3333,81.09,1,0,3.44
29,Mahebourg,MU,2022-05-08 01:57:12,-20.4081,57.7,75.25,88,75,6.91
30,Belyy Yar,RU,2022-05-08 01:57:13,53.6039,91.3903,44.85,33,0,13.42
31,Constitucion,CL,2022-05-08 01:57:14,-35.3333,-72.4167,53.74,79,0,9.1
32,Port Alfred,ZA,2022-05-08 01:57:14,-33.5906,26.891,58.17,86,99,4.0
33,Rikitea,PF,2022-05-08 01:57:15,-23.1203,-134.9692,77.54,81,11,15.88
34,Puerto Escondido,MX,2022-05-08 01:57:16,15.85,-97.0667,82.17,62,96,3.31
35,Batetskiy,RU,2022-05-08 01:57:16,58.6461,30.3027,44.08,93,100,9.48
36,Osmena,PH,2022-05-08 01:57:17,10.5208,119.9258,85.23,74,31,14.18
37,Sahuaripa,MX,2022-05-08 01:57:18,29.05,-109.2333,86.07,16,4,11.45
38,Kaspiysk,RU,2022-05-08 01:57:18,42.8816,47.6392,50.23,93,100,15.99
39,Auki,SB,2022-05-08 01:57:19,-8.7676,160.7034,85.17,70,45,3.58
40,Palmer,US,2022-05-08 01:57:19,42.1584,-72.3287,47.59,39,100,4.0
41,Port Elizabeth,ZA,2022-05-08 01:57:20,-33.918,25.5701,59.31,78,0,5.75
42,Pastavy,BY,2022-05-08 01:57:21,55.1168,26.8326,50.11,94,100,7.99
43,Upernavik,GL,2022-05-08 01:57:21,72.7868,-56.1549,5.61,85,15,5.68
44,Maumere,ID,2022-05-08 01:57:22,-8.6199,122.2111,86.54,64,30,5.5
45,Georgetown,MY,2022-05-08 01:56:43,5.4112,100.3354,85.95,75,20,10.36
46,Xinzhi,CN,2022-05-08 01:58:23,36.4989,111.7047,58.48,57,99,4.61
47,Oranjemund,NA,2022-05-08 01:58:23,-28.55,16.4333,53.38,87,0,6.73
48,Cidreira,BR,2022-05-08 01:55:02,-30.1811,-50.2056,63.32,75,0,9.6
49,Narsaq,GL,2022-05-08 01:58:24,60.9167,-46.05,39.18,63,100,7.47
50,Hithadhoo,MV,2022-05-08 01:58:25,-0.6,73.0833,83.8,76,19,15.48
51,Kapaa,US,2022-05-08 01:58:26,22.0752,-159.319,82.38,81,98,5.99
52,Pokoynoye,RU,2022-05-08 01:58:26,44.8097,44.2517,45.5,90,100,6.04
53,Albany,US,2022-05-08 01:58:27,42.6001,-73.9662,49.44,41,100,3.58
54,Cape Town,ZA,2022-05-08 01:53:30,-33.9258,18.4232,57.9,80,0,14.97
55,Kaeo,NZ,2022-05-08 01:58:28,-35.1,173.7833,71.33,69,3,4.45
56,Qaanaaq,GL,2022-05-08 01:58:28,77.484,-69.3632,15.6,81,99,5.53
57,Hamilton,US,2022-05-08 01:53:48,39.1834,-84.5333,58.32,77,43,1.99
58,Makakilo City,US,2022-05-08 01:58:29,21.3469,-158.0858,77.02,73,98,21.18
59,Ulaangom,MN,2022-05-08 01:58:30,49.9811,92.0667,53.74,45,36,21.72
60,Vestmannaeyjar,IS,2022-05-08 01:58:30,63.4427,-20.2734,46.2,88,100,24.85
61,Chapayevka,UA,2022-05-08 01:58:31,47.4711,36.3451,42.62,63,2,5.19
62,Namalenga,TZ,2022-05-08 01:58:32,-10.95,39.1,66.94,97,95,1.7
63,Vaini,TO,2022-05-08 01:58:32,-21.2,-175.2,78.96,78,40,12.66
64,Caravelas,BR,2022-05-08 01:58:33,-17.7125,-39.2481,74.03,87,95,10.65
65,Jaciara,BR,2022-05-08 01:58:34,-15.9653,-54.9683,64.06,51,0,1.97
66,Tuatapere,NZ,2022-05-08 01:58:34,-46.1333,167.6833,60.28,89,100,2.06
67,Beloha,MG,2022-05-08 01:58:35,-25.1667,45.05,67.41,88,37,2.68
68,Dodola,ET,2022-05-08 01:58:35,6.9833,39.1833,50.81,72,56,1.57
69,Komsomolskiy,UZ,2022-05-08 01:57:27,40.4272,71.7189,70.52,52,0,6.91
70,Sambava,MG,2022-05-08 01:58:36,-14.2667,50.1667,72.88,91,31,8.19
71,Bartica,GY,2022-05-08 01:58:37,6.4,-58.6167,77.32,99,83,2.1
72,Kutum,SD,2022-05-08 01:58:37,14.2,24.6667,71.33,12,100,6.58
73,Tiznit,MA,2022-05-08 01:58:38,29.5833,-9.5,74.97,17,27,4.68
74,Saint George,US,2022-05-08 01:58:39,37.1041,-113.5841,86.95,15,99,13.0
75,Vardo,NO,2022-05-08 01:58:39,70.3705,31.1107,35.58,80,100,26.46
76,Poddorye,RU,2022-05-08 01:58:40,57.4695,31.1156,48.29,97,100,7.49
77,Clyde River,CA,2022-05-08 01:57:49,70.4692,-68.5914,19.63,93,100,3.44
78,Bathsheba,BB,2022-05-08 01:58:41,13.2167,-59.5167,81.21,78,40,11.5
79,Castro,BR,2022-05-08 01:58:41,-24.7911,-50.0119,48.49,97,58,4.7
80,Oelde,DE,2022-05-08 01:58:42,51.8167,8.15,53.11,87,37,6.89
81,Srednekolymsk,RU,2022-05-08 01:58:42,67.45,153.6833,28.83,84,42,8.03
82,Mataura,NZ,2022-05-08 01:58:43,-46.1927,168.8643,58.48,96,100,2.01
83,Provideniya,RU,2022-05-08 01:58:44,64.3833,-173.3,33.17,92,100,7.81
84,Deputatskiy,RU,2022-05-08 01:56:15,69.3,139.9,17.42,69,99,3.44
85,Mago,RU,2022-05-08 01:58:44,53.2514,140.1822,46.47,55,100,7.4
86,Nanortalik,GL,2022-05-08 01:58:45,60.1432,-45.2371,38.53,77,100,2.8
87,Coquimbo,CL,2022-05-08 01:58:46,-29.9533,-71.3436,56.93,88,100,5.75
88,Cherskiy,RU,2022-05-08 01:58:46,68.75,161.3,30.13,94,100,15.88
89,Port Macquarie,AU,2022-05-08 01:58:47,-31.4333,152.9167,66.88,42,0,3.53
90,Luderitz,NA,2022-05-08 01:58:47,-26.6481,15.1594,53.01,77,0,16.46
91,Lake Havasu City,US,2022-05-08 01:54:09,34.4839,-114.3224,99.21,9,0,9.22
92,Carnarvon,AU,2022-05-08 01:56:05,-24.8667,113.6333,75.27,50,40,6.91
93,Ponta Do Sol,PT,2022-05-08 01:58:48,32.6667,-17.1,64.71,70,71,6.91
94,Severo-Kurilsk,RU,2022-05-08 01:59:49,50.6789,156.125,49.33,79,98,9.64
95,Grindavik,IS,2022-05-08 01:59:50,63.8424,-22.4338,45.07,100,100,27.63
96,Bambous Virieux,MU,2022-05-08 01:59:50,-20.3428,57.7575,75.22,88,75,6.91
97,Fukue,JP,2022-05-08 01:59:51,32.6881,128.8419,70.16,68,20,5.75
98,Saint-Joseph,RE,2022-05-08 01:58:54,-21.3667,55.6167,68.38,80,19,11.12
99,Sola,VU,2022-05-08 01:57:38,-13.8833,167.55,81.57,73,13,20.31
100,Chokurdakh,RU,2022-05-08 01:59:52,70.6333,147.9167,16.56,87,99,9.51
101,Ilulissat,GL,2022-05-08 01:59:53,69.2167,-51.1,9.23,87,2,5.79
102,Lompoc,US,2022-05-08 01:54:54,34.6391,-120.4579,62.85,70,0,21.85
103,Salalah,OM,2022-05-08 01:59:54,17.0151,54.0924,78.48,81,34,5.5
104,Taoudenni,ML,2022-05-08 01:59:54,22.6783,-3.9836,82.4,10,0,16.24
105,Tura,IN,2022-05-08 01:59:55,25.5198,90.2201,82.85,58,0,1.3
106,Emerald,AU,2022-05-08 01:59:55,-23.5333,148.1667,66.34,52,40,17.27
107,Faya,SA,2022-05-08 01:59:56,18.3851,42.4509,64.51,39,38,4.45
108,Paracuru,BR,2022-05-08 01:59:56,-3.41,-39.0306,78.12,91,100,11.99
109,Honningsvag,NO,2022-05-08 01:59:57,70.9821,25.9704,31.75,86,75,25.32
110,Ornskoldsvik,SE,2022-05-08 01:59:58,63.2909,18.7153,32.95,74,94,14.97
111,Kruisfontein,ZA,2022-05-08 01:59:58,-34.0033,24.7314,53.89,79,47,4.74
112,Santa Fe,AR,2022-05-08 01:57:55,-31.6333,-60.7,65.01,79,100,4.0
113,Klaksvik,FO,2022-05-08 01:59:59,62.2266,-6.589,45.52,81,100,16.69
114,Lake City,US,2022-05-08 01:59:13,30.1897,-82.6393,73.45,64,40,5.75
115,Lufilufi,WS,2022-05-08 02:00:00,-13.8745,-171.5986,82.18,75,24,13.44
116,Barrow,US,2022-05-08 02:00:01,71.2906,-156.7887,26.91,90,100,5.93
117,Bredasdorp,ZA,2022-05-08 01:58:59,-34.5322,20.0403,53.98,91,29,0.87
118,Talnakh,RU,2022-05-08 02:00:02,69.4865,88.3972,16.21,88,8,12.71
119,Iqaluit,CA,2022-05-08 02:00:03,63.7506,-68.5145,9.18,89,39,4.47
120,Lac Du Bonnet,CA,2022-05-08 02:00:05,50.2536,-96.0612,65.93,56,100,19.66
121,Maneadero,MX,2022-05-08 02:00:08,31.7167,-116.5667,64.09,78,28,3.0
122,Avarua,CK,2022-05-08 02:00:09,-21.2078,-159.775,80.87,76,62,6.4
123,Umba,RU,2022-05-08 02:00:12,66.6871,34.3429,33.12,83,91,11.16
124,Tutoia,BR,2022-05-08 02:00:14,-2.7619,-42.2744,77.95,87,100,6.91
125,Puerto Ayora,EC,2022-05-08 02:00:14,-0.7393,-90.3518,71.55,93,28,7.2
126,La Rochelle,FR,2022-05-08 01:57:12,46.1667,-1.15,53.67,87,0,8.05
127,Masvingo,ZW,2022-05-08 02:00:15,-20.0637,30.8277,61.79,59,84,3.4
128,Verkhniy Baskunchak,RU,2022-05-08 02:00:16,48.2256,46.7217,50.05,43,97,12.35
129,Dikson,RU,2022-05-08 02:00:17,73.5069,80.5464,9.32,96,91,12.24
130,Saravan,AM,2022-05-08 02:00:17,39.7196,45.6483,40.66,92,99,1.66
131,Pasighat,IN,2022-05-08 02:00:18,28.0667,95.3333,82.15,59,59,2.57
132,Nuuk,GL,2022-05-08 02:00:19,64.1835,-51.7216,30.81,93,5,11.5
133,Mar Del Plata,AR,2022-05-08 02:00:19,-38.0023,-57.5575,60.87,82,8,7.0
134,Pangnirtung,CA,2022-05-08 01:57:32,66.1451,-65.7125,13.55,75,44,7.25
135,Stokmarknes,NO,2022-05-08 02:00:20,68.5646,14.9108,30.18,93,40,6.91
136,Sorong,ID,2022-05-08 02:00:21,-0.8833,131.25,84.49,72,31,3.53
137,Chifeng,CN,2022-05-08 02:00:22,42.2683,118.9636,56.1,25,100,2.84
138,Arraial Do Cabo,BR,2022-05-08 02:00:22,-22.9661,-42.0278,72.01,80,82,9.28
139,Nikolskoye,RU,2022-05-08 02:00:23,59.7035,30.7861,43.88,94,100,7.63
140,Vila Franca Do Campo,PT,2022-05-08 02:00:24,37.7167,-25.4333,66.2,93,79,0.92
141,Faanui,PF,2022-05-08 02:00:24,-16.4833,-151.75,82.27,73,11,7.4
142,Puerto Quijarro,BO,2022-05-08 02:01:25,-17.7833,-57.7667,67.24,49,0,3.29
143,Husavik,IS,2022-05-08 02:01:25,66.0449,-17.3389,39.06,73,100,7.61
144,Vinces,EC,2022-05-08 02:01:26,-1.55,-79.7333,74.79,95,77,5.5
145,Les Escoumins,CA,2022-05-08 02:01:26,48.1111,-69.0236,30.06,64,0,3.47
146,Saint-Francois,FR,2022-05-08 02:01:27,46.4154,3.9054,49.68,93,0,3.44
147,Dalian,CN,2022-05-08 02:00:06,38.9122,121.6022,55.33,67,0,13.42
148,Oussouye,SN,2022-05-08 02:01:28,12.485,-16.5469,75.38,76,3,5.39
149,Norman Wells,CA,2022-05-08 02:01:29,65.282,-126.8329,43.25,64,100,3.53
150,Airai,TL,2022-05-08 01:59:01,-8.9266,125.4092,72.52,61,44,5.55
151,Ribeira Grande,PT,2022-05-08 02:01:29,38.5167,-28.7,61.14,66,94,3.78
152,Biak,ID,2022-05-08 02:01:30,-0.9131,122.8766,81.34,80,77,4.97
153,Chermoz,RU,2022-05-08 02:01:31,58.787,56.1489,41.68,79,94,10.27
154,Mirnyy,RU,2022-05-08 02:01:31,62.5353,113.9611,39.65,78,40,16.17
155,Tecoanapa,MX,2022-05-08 02:01:34,16.5167,-98.75,81.52,71,100,6.91
156,Mianyang,CN,2022-05-08 02:01:35,31.4593,104.7542,76.53,62,42,9.78
157,Bengkulu,ID,2022-05-08 02:01:35,-3.8004,102.2655,80.22,72,100,2.91
158,Khatanga,RU,2022-05-08 01:58:35,71.9667,102.5,13.77,92,98,10.58
159,Thompson,CA,2022-05-08 02:01:37,55.7435,-97.8558,59.47,83,100,10.67
160,Sokoni,TZ,2022-05-08 01:58:37,-6.4333,39.55,80.35,77,52,16.4
161,Pontarlier,FR,2022-05-08 02:01:38,46.8333,6.25,47.01,95,35,5.86
162,Shajapur,IN,2022-05-08 02:01:38,23.4333,76.2667,90.99,23,0,10.56
163,Suez,EG,2022-05-08 02:01:39,29.9737,32.5263,64.71,39,79,6.49
164,Mayo,US,2022-05-08 02:01:39,38.8876,-76.5119,49.03,93,100,11.5
165,Maridi,SS,2022-05-08 02:01:40,4.9158,29.4742,66.22,95,49,0.98
166,Basco,PH,2022-05-08 02:01:41,20.4487,121.9702,82.4,78,75,14.2
167,La Ronge,CA,2022-05-08 02:01:41,55.1001,-105.2842,46.56,70,100,2.59
168,Vila Velha,BR,2022-05-08 02:01:42,-20.3297,-40.2925,71.64,87,7,12.68
169,Warrington,GB,2022-05-08 02:00:31,53.3925,-2.5802,52.97,82,20,6.91
170,Port Lincoln,AU,2022-05-08 02:01:43,-34.7333,135.8667,60.98,65,5,6.51
171,Ulcinj,ME,2022-05-08 02:01:43,41.9294,19.2244,58.98,89,100,1.36
172,Kununurra,AU,2022-05-08 02:01:44,-15.7667,128.7333,82.38,23,2,12.66
173,Saskylakh,RU,2022-05-08 02:01:44,71.9167,114.0833,12.38,90,53,13.85
174,Pontes E Lacerda,BR,2022-05-08 02:01:45,-15.2261,-59.3353,65.52,67,0,3.6
175,Aksarka,RU,2022-05-08 02:01:46,66.5606,67.7975,32.22,100,100,9.46
176,Moose Factory,CA,2022-05-08 02:01:47,51.2585,-80.6094,39.47,61,6,5.44
177,Kudahuvadhoo,MV,2022-05-08 02:01:47,2.6708,72.8944,84.02,76,32,14.07
178,Ballitoville,ZA,2022-05-08 02:01:48,-29.539,31.2144,67.24,91,18,14.07
179,Florianopolis,BR,2022-05-08 02:00:26,-27.6146,-48.5012,57.7,80,0,3.71
180,Manyana,BW,2022-05-08 02:01:49,-23.4,21.7167,54.79,56,12,9.62
181,Lavrentiya,RU,2022-05-08 02:01:49,65.5833,-171.0,32.67,91,100,5.73
182,Hammerfest,NO,2022-05-08 02:01:50,70.6634,23.6821,32.45,86,75,4.61
183,Esperance,AU,2022-05-08 02:01:51,-33.8667,121.9,64.65,39,51,16.71
184,Fortuna,US,2022-05-08 01:59:05,40.5982,-124.1573,54.91,70,20,12.66
185,Karratha,AU,2022-05-08 02:02:40,-20.7377,116.8463,82.42,38,93,20.45
186,Mayor Pablo Lagerenza,PY,2022-05-08 02:02:52,-19.9309,-60.7718,67.69,59,5,4.61
187,Juneau,US,2022-05-08 02:00:22,58.3019,-134.4197,43.11,100,30,4.94
188,San Patricio,US,2022-05-08 02:02:52,28.017,-97.5169,82.49,81,0,14.5
189,Maiduguri,NG,2022-05-08 02:00:22,11.8464,13.1603,86.86,40,97,6.49
190,Ketchikan,US,2022-05-08 02:02:53,55.3422,-131.6461,48.34,56,37,4.12
191,Vuktyl,RU,2022-05-08 02:02:54,63.8567,57.3094,40.3,93,100,7.43
192,Lucapa,AO,2022-05-08 02:02:54,-8.4192,20.7447,67.15,77,68,0.31
193,Luorong,CN,2022-05-08 02:02:55,24.4058,109.6086,74.62,85,100,2.21
194,San Quintin,MX,2022-05-08 02:02:56,30.4833,-115.95,61.61,82,32,14.03
195,Ambilobe,MG,2022-05-08 02:03:00,-13.2,49.05,69.58,89,34,3.31
196,Turayf,SA,2022-05-08 02:03:01,31.6725,38.6637,53.26,50,0,5.88
197,Dakoro,NE,2022-05-08 02:03:02,14.5106,6.765,89.62,23,100,9.84
198,Taltal,CL,2022-05-08 02:03:02,-25.4,-70.4833,59.65,81,69,1.74
199,Fare,PF,2022-05-08 02:03:03,-16.7,-151.0167,81.84,72,14,5.14
200,Lubao,PH,2022-05-08 02:03:04,14.9167,120.55,92.08,48,18,11.54
201,Igarka,RU,2022-05-08 02:03:04,67.4667,86.5833,17.55,89,72,19.51
202,Bandarbeyla,SO,2022-05-08 02:03:05,9.4942,50.8122,81.21,86,91,8.52
203,Durban,ZA,2022-05-08 02:03:05,-29.8579,31.0292,68.02,78,62,11.01
204,Varangaon,IN,2022-05-08 02:03:06,21.0167,75.9,93.18,21,13,3.89
205,Saint-Philippe,RE,2022-05-08 02:03:07,-21.3585,55.7679,69.39,85,40,11.83
206,Rawson,AR,2022-05-08 02:03:07,-43.3002,-65.1023,69.12,42,17,11.72
207,Kirakira,SB,2022-05-08 02:03:08,-10.4544,161.9205,84.06,76,94,11.27
208,Vidim,RU,2022-05-08 02:02:21,56.4088,103.1106,42.1,36,100,16.04
209,Umm Lajj,SA,2022-05-08 02:03:09,25.0213,37.2685,76.39,39,6,9.91
210,Christchurch,NZ,2022-05-08 02:00:00,-43.5333,172.6333,68.2,82,100,14.97
211,Seoul,KR,2022-05-08 02:00:00,37.5683,126.9778,62.17,34,0,13.8
212,Omsukchan,RU,2022-05-08 02:03:10,62.5333,155.8,30.79,92,100,9.53
213,Azangaro,PE,2022-05-08 02:03:10,-14.9167,-70.2167,40.75,74,97,1.5
214,Coihaique,CL,2022-05-08 02:03:11,-45.5752,-72.0662,57.15,88,93,6.91
215,East London,ZA,2022-05-08 02:00:33,-33.0153,27.9116,60.89,88,100,10.76
216,North Bend,US,2022-05-08 02:03:12,43.4065,-124.2243,49.15,87,100,14.97
217,San Cristobal,VE,2022-05-08 02:02:36,7.7669,-72.225,65.91,98,100,3.42
218,Lincoln,US,2022-05-08 02:03:12,40.8,-96.667,69.71,59,0,23.02
219,Dunedin,NZ,2022-05-08 01:59:37,-45.8742,170.5036,58.8,82,100,5.68
220,Pinotepa Nacional,MX,2022-05-08 02:03:13,16.3167,-98.0167,78.76,64,52,2.01
221,Celestun,MX,2022-05-08 02:03:14,20.8667,-90.4,81.25,81,0,12.33
222,Alofi,NU,2022-05-08 02:03:15,-19.0595,-169.9187,79.36,80,100,17.38
223,Pacific Grove,US,2022-05-08 02:03:15,36.6177,-121.9166,60.75,76,40,15.01
224,Ndago,TZ,2022-05-08 02:03:16,-4.6,34.35,59.9,77,31,5.41
225,Labuan,MY,2022-05-08 02:03:17,5.2767,115.2417,81.88,80,100,4.81
226,Muros,ES,2022-05-08 02:03:17,42.7762,-9.0603,55.83,84,89,5.73
227,Marawi,PH,2022-05-08 02:01:51,7.9986,124.2928,83.37,61,51,3.6
228,Bontang,ID,2022-05-08 02:03:18,0.1333,117.5,83.05,79,100,1.86
229,Touros,BR,2022-05-08 02:03:19,-5.1989,-35.4608,77.04,87,100,8.41
230,Biskamzha,RU,2022-05-08 02:04:20,53.4497,89.5272,34.12,59,33,13.73
231,Le Vauclin,MQ,2022-05-08 02:04:20,14.5452,-60.8388,78.84,88,0,2.3
232,Lebu,CL,2022-05-08 02:04:21,-37.6167,-73.65,53.02,92,5,1.95
233,Lagoa,PT,2022-05-08 02:04:21,39.05,-27.9833,59.92,70,91,6.33
234,Yumen,CN,2022-05-08 02:04:22,40.2833,97.2,63.27,20,0,4.59
235,Usevya,TZ,2022-05-08 02:04:23,-7.1,31.2333,64.9,78,74,3.02
236,Varna,BG,2022-05-08 02:02:55,43.2167,27.9167,43.88,100,46,3.44
237,Conde,BR,2022-05-08 02:04:24,-7.2597,-34.9075,74.66,100,75,4.61
238,Caucaia,BR,2022-05-08 02:04:24,-3.7361,-38.6531,78.75,81,40,5.75
239,Poum,NC,2022-05-08 02:04:25,-20.2333,164.0167,78.31,61,44,24.85
240,Macia,MZ,2022-05-08 02:04:26,-25.0269,33.0989,63.3,91,4,2.89
241,Namatanai,PG,2022-05-08 02:04:27,-3.6667,152.4333,85.86,67,34,12.77
242,Viedma,AR,2022-05-08 02:03:00,-40.8135,-62.9967,65.82,38,7,17.52
243,Geraldton,AU,2022-05-08 02:04:27,-28.7667,114.6,73.81,43,75,6.91
244,Sabang,ID,2022-05-08 02:04:28,5.8933,95.3214,82.02,77,100,7.92
245,Kavaratti,IN,2022-05-08 02:04:29,10.5669,72.642,84.4,69,85,10.92
246,Capilla De Guadalupe,MX,2022-05-08 02:04:29,20.8333,-102.5833,75.67,18,30,5.59
247,Gat,IL,2022-05-08 02:04:30,31.61,34.7642,59.4,65,51,2.33
248,Manoel Urbano,BR,2022-05-08 02:04:30,-8.8389,-69.2597,73.56,84,25,1.68
249,Souillac,MU,2022-05-08 02:04:31,-20.5167,57.5167,75.11,75,13,12.24
250,Port Blair,IN,2022-05-08 02:01:47,11.6667,92.75,83.43,80,100,23.02
251,Guerrero Negro,MX,2022-05-08 02:01:52,27.9769,-114.0611,61.2,84,0,19.91
252,Atuntaqui,EC,2022-05-08 02:04:32,0.3333,-78.2167,56.84,90,89,3.53
253,Kaitangata,NZ,2022-05-08 02:01:30,-46.2817,169.8464,55.4,96,100,1.72
254,Camargo,MX,2022-05-08 02:04:33,27.6667,-105.1667,87.06,8,0,9.24
255,Ust-Barguzin,RU,2022-05-08 02:04:33,53.45,108.9833,50.72,59,3,5.28
256,Mount Isa,AU,2022-05-08 02:04:09,-20.7333,139.5,78.57,41,0,9.22
257,Belomorsk,RU,2022-05-08 02:04:34,64.5232,34.7668,39.81,89,100,7.72
258,Laguna,US,2022-05-08 02:04:35,38.421,-121.4238,73.4,47,0,18.41
259,Mitsamiouli,KM,2022-05-08 02:04:36,-11.3847,43.2844,80.35,77,10,10.27
260,Kapuskasing,CA,2022-05-08 02:01:02,49.4169,-82.4331,43.68,56,12,6.42
261,Kobayashi,JP,2022-05-08 02:04:36,31.9833,130.9833,74.25,67,88,3.83
262,Hasaki,JP,2022-05-08 02:04:37,35.7333,140.8333,66.6,54,97,20.94
263,Tanda,IN,2022-05-08 02:04:38,26.55,82.65,90.19,33,0,3.89
264,Huilong,CN,2022-05-08 02:02:45,31.8111,121.655,65.07,62,0,10.6
265,Barra Do Garcas,BR,2022-05-08 02:04:38,-15.89,-52.2567,70.59,59,0,4.07
266,Yarkovo,RU,2022-05-08 02:04:39,57.4028,67.0786,46.85,70,7,7.94
267,Shahrud,IR,2022-05-08 02:04:40,36.4182,54.9763,64.27,49,100,4.25
268,Verkhnyaya Inta,RU,2022-05-08 02:04:40,65.9811,60.3094,40.33,95,91,15.5
269,Trinidad,BO,2022-05-08 02:04:41,-14.8333,-64.9,68.41,67,5,4.07
270,Rivadavia,AR,2022-05-08 02:04:41,-33.1905,-68.4608,59.9,52,100,5.14
271,Cukai,MY,2022-05-08 02:04:42,4.25,103.4167,83.3,78,100,6.17
272,Siachoque,CO,2022-05-08 02:04:42,5.5124,-73.2444,50.56,99,100,3.74
273,Yulara,AU,2022-05-08 02:04:43,-25.2406,130.9889,61.81,31,0,13.94
274,Chenzhou,CN,2022-05-08 02:03:54,25.8,113.0333,73.85,90,100,2.71
275,Alexandria,EG,2022-05-08 02:01:05,31.2156,29.9553,63.91,65,52,7.58
276,Dingle,PH,2022-05-08 02:05:44,10.9995,122.6711,87.6,64,98,14.94
277,Byron Bay,AU,2022-05-08 02:02:13,-28.65,153.6167,65.71,84,100,10.33
278,General Roca,AR,2022-05-08 02:05:45,-39.0333,-67.5833,62.58,28,5,5.99
279,Vostok,RU,2022-05-08 02:05:46,46.4856,135.8833,38.08,81,100,12.75
280,Khilok,RU,2022-05-08 02:05:46,51.3674,110.4676,63.5,27,7,7.38
281,Iquitos,PE,2022-05-08 02:05:47,-3.7481,-73.2472,75.24,100,75,2.3
282,Belmonte,BR,2022-05-08 02:05:47,-15.8631,-38.8828,74.86,88,50,4.74
283,Angren,UZ,2022-05-08 02:05:48,41.0167,70.1436,71.46,52,2,5.79
284,Richards Bay,ZA,2022-05-08 02:05:48,-28.783,32.0377,65.97,92,0,3.4
285,Kuching,MY,2022-05-08 02:05:49,1.55,110.3333,82.62,89,20,5.01
286,Codrington,AU,2022-05-08 02:05:49,-38.2667,141.9667,57.76,66,73,8.81
287,Umm Kaddadah,SD,2022-05-08 02:05:50,13.6017,26.6876,77.77,9,100,16.71
288,Atar,MR,2022-05-08 02:05:50,20.5169,-13.0499,86.59,12,14,6.76
289,Pundaguitan,PH,2022-05-08 02:05:51,6.3711,126.1689,82.33,79,56,13.11
290,Lata,PT,2022-05-08 02:05:52,40.1629,-8.3327,56.07,65,99,2.44
291,Wajir,KE,2022-05-08 02:05:52,1.7471,40.0573,75.16,84,86,11.86
292,Yellowknife,CA,2022-05-08 02:01:23,62.456,-114.3525,36.12,87,100,21.85
293,Jaypur,IN,2022-05-08 02:05:53,18.85,82.5833,84.13,51,88,2.77
294,Orlik,RU,2022-05-08 02:05:54,52.5178,99.825,51.04,51,67,4.63
295,Kenai,US,2022-05-08 02:05:54,60.5544,-151.2583,58.03,47,0,11.5
296,Chumphon,TH,2022-05-08 02:05:55,10.3333,98.8333,80.22,82,100,7.9
297,Napasar,IN,2022-05-08 02:05:56,27.9667,73.55,88.86,20,0,9.4
298,Suntar,RU,2022-05-08 02:05:56,62.1444,117.6319,47.7,74,57,13.85
299,Roald,NO,2022-05-08 02:05:57,62.5833,6.1333,41.76,70,99,5.75
300,Mount Gambier,AU,2022-05-08 02:05:58,-37.8333,140.7667,56.57,68,100,4.81
301,Kontagora,NG,2022-05-08 02:05:58,10.3999,5.4695,79.93,66,90,5.66
302,Isangel,VU,2022-05-08 02:03:17,-19.55,169.2667,78.26,57,4,18.16
303,Ahipara,NZ,2022-05-08 02:04:18,-35.1667,173.1667,67.42,61,16,3.96
304,Namibe,AO,2022-05-08 02:05:59,-15.1961,12.1522,70.83,74,0,3.89
305,Kemijarvi,FI,2022-05-08 02:06:00,66.7131,27.4306,30.63,73,7,8.19
306,Tarko-Sale,RU,2022-05-08 02:06:01,64.9225,77.785,17.71,87,10,6.62
307,Tilichiki,RU,2022-05-08 02:03:55,60.4667,166.1,32.83,91,75,12.15
308,Neryungri,RU,2022-05-08 02:06:02,56.6709,124.6491,44.56,65,100,12.57
309,Enumclaw,US,2022-05-08 02:03:36,47.2043,-121.9915,50.22,75,100,10.0
310,Los Llanos De Aridane,ES,2022-05-08 02:01:52,28.6585,-17.9182,65.12,60,20,12.66
311,Kloulklubed,PW,2022-05-08 02:06:03,7.0419,134.2556,75.7,80,100,14.25
312,Waipawa,NZ,2022-05-08 02:06:04,-41.4122,175.5153,62.78,61,82,19.53
313,Smithers,CA,2022-05-08 02:06:05,54.7804,-127.1743,48.13,52,94,7.29
314,Biloela,AU,2022-05-08 02:06:06,-24.4167,150.5,80.37,51,91,8.23
315,Tual,ID,2022-05-08 02:06:06,-5.6667,132.75,84.96,78,60,18.59
316,Emilio Carranza,MX,2022-05-08 02:06:07,19.9711,-96.6114,80.85,81,0,8.68
317,Haines Junction,CA,2022-05-08 02:06:08,60.7522,-137.5108,42.85,74,93,2.26
318,Ostrovnoy,RU,2022-05-08 02:07:08,68.0531,39.5131,33.73,80,98,14.7
319,Burnie,AU,2022-05-08 02:07:09,-41.0667,145.9167,59.31,59,35,10.78
320,Marzuq,YE,2022-05-08 02:07:09,14.4,46.4667,72.77,34,20,6.64
321,Fort Nelson,CA,2022-05-08 02:07:10,58.8053,-122.7002,37.04,89,100,13.35
322,Thinadhoo,MV,2022-05-08 02:07:11,0.5333,72.9333,83.61,77,34,13.96
323,Irbil,IQ,2022-05-08 02:04:35,36.1926,44.0106,56.17,55,11,3.2
324,Hvide Sande,DK,2022-05-08 02:07:12,56.0045,8.1294,42.1,65,10,26.57
325,Hailar,CN,2022-05-08 02:07:13,49.2,119.7,60.98,19,5,13.04
326,Shingu,JP,2022-05-08 02:07:13,33.7333,135.9833,72.46,53,3,4.94
327,Krasnoselkup,RU,2022-05-08 02:07:14,65.7,82.4667,13.75,86,6,15.46
328,Awjilah,LY,2022-05-08 02:07:15,29.1081,21.2869,65.86,57,56,13.67
329,Baft,IR,2022-05-08 02:07:15,29.234,56.6057,58.48,39,40,2.8
330,Santa Maria,BR,2022-05-08 02:02:41,-29.6842,-53.8069,53.73,95,0,4.43
331,Marrakesh,MA,2022-05-08 02:07:16,31.6315,-8.0083,69.87,37,0,2.3
332,Vysokogornyy,RU,2022-05-08 02:07:17,50.1167,139.15,34.36,78,100,12.59
333,Graham,US,2022-05-08 02:05:46,47.0529,-122.2943,50.79,73,75,17.27
334,Cabo San Lucas,MX,2022-05-08 02:07:18,22.8909,-109.9124,86.31,24,0,11.5
335,Sohag,EG,2022-05-08 02:07:18,26.557,31.6948,72.73,17,11,6.64
336,Lujiang,CN,2022-05-08 02:07:19,31.2581,117.2817,70.81,71,99,9.57
337,Kalmunai,LK,2022-05-08 02:07:20,7.4167,81.8167,82.44,81,100,5.35
338,Glace Bay,CA,2022-05-08 02:07:20,46.1969,-59.957,33.78,76,63,7.0
339,Ojinaga,MX,2022-05-08 02:07:21,29.5667,-104.4167,97.75,11,0,0.0
340,Daoukro,CI,2022-05-08 02:07:21,7.0591,-3.9631,73.35,94,94,2.64
341,Beringovskiy,RU,2022-05-08 02:07:22,63.05,179.3167,34.12,96,100,6.15
342,Topeka,US,2022-05-08 02:05:20,39.0483,-95.678,68.38,66,0,14.97
343,Ngaoundere,CM,2022-05-08 02:07:23,7.3167,13.5833,66.15,91,100,2.75
344,Ambalavao,MG,2022-05-08 02:07:23,-21.8333,46.9333,60.42,95,2,1.32
345,Toora-Khem,RU,2022-05-08 02:07:24,52.4675,96.11,39.65,69,100,8.63
346,Caborca,MX,2022-05-08 02:02:27,30.5838,-111.101,81.9,11,0,16.33
347,Sitka,US,2022-05-08 02:02:27,57.0531,-135.33,46.29,69,70,5.84
348,Dekernes,EG,2022-05-08 02:07:25,31.0876,31.595,61.03,63,98,5.03
349,Aden,YE,2022-05-08 02:07:26,12.7794,45.0367,84.09,70,61,5.14
350,Nortelandia,BR,2022-05-08 02:07:26,-14.4547,-56.8028,66.16,61,1,1.52
351,Vila Do Maio,CV,2022-05-08 02:07:27,15.1333,-23.2167,70.59,83,12,20.42
352,Pevek,RU,2022-05-08 02:04:32,69.7008,170.3133,28.63,83,100,3.74
353,Novo Aripuana,BR,2022-05-08 02:07:28,-5.1206,-60.3797,73.02,99,96,1.95
354,Chimore,BO,2022-05-08 02:07:28,-16.9833,-65.1333,65.21,77,14,2.68
355,Moerai,PF,2022-05-08 02:07:29,-22.4333,-151.3333,79.16,75,51,11.07
356,Khorramshahr,IR,2022-05-08 02:07:30,30.4397,48.1664,69.75,26,0,12.03
357,Tasiilaq,GL,2022-05-08 02:07:31,65.6145,-37.6368,28.56,73,100,5.44
358,Campobasso,IT,2022-05-08 02:07:31,41.6333,14.5833,54.09,93,98,5.26
359,Tiksi,RU,2022-05-08 02:07:32,71.6872,128.8694,17.71,79,25,5.23
360,Zhezkazgan,KZ,2022-05-08 02:07:32,47.8043,67.7144,44.58,36,0,26.84
361,Prince Rupert,CA,2022-05-08 02:06:25,54.3161,-130.3201,45.7,68,100,4.79
362,Kita,ML,2022-05-08 02:07:33,13.0349,-9.4895,91.29,32,80,6.8
363,The Valley,AI,2022-05-08 02:08:34,18.217,-63.0578,80.46,77,49,18.41
364,Ingleside,US,2022-05-08 02:08:35,27.8778,-97.2117,82.42,85,75,16.11
365,Vacaria,BR,2022-05-08 02:08:35,-28.5122,-50.9339,46.27,92,0,4.12
366,Tashla,RU,2022-05-08 02:08:36,51.7716,52.7427,44.26,52,100,9.19
367,Balabac,PH,2022-05-08 02:08:37,7.9868,117.0645,84.92,74,100,9.66
368,Norsup,VU,2022-05-08 02:08:37,-16.0667,167.3833,82.9,61,50,17.36
369,Mizdah,LY,2022-05-08 02:08:38,31.4451,12.9801,58.93,45,6,4.43
370,Kaihua,CN,2022-05-08 02:08:39,23.3687,104.28,72.14,68,49,9.19
371,Along,IN,2022-05-08 02:08:39,28.1667,94.7667,79.02,70,39,0.43
372,Marquette,US,2022-05-08 02:08:40,46.5333,-87.6335,44.35,53,15,6.51
373,Sao Filipe,CV,2022-05-08 02:08:40,14.8961,-24.4956,72.79,80,9,8.25
374,Batagay,RU,2022-05-08 02:08:41,67.6333,134.6333,27.63,68,100,9.15
375,Goundam,ML,2022-05-08 02:08:42,16.4145,-3.6708,87.64,15,46,8.46
376,Sobolevo,RU,2022-05-08 02:08:42,54.4299,31.8996,47.28,92,98,7.54
377,Camacha,PT,2022-05-08 02:08:43,33.0833,-16.3333,58.42,72,40,12.66
378,Sabha,LY,2022-05-08 02:08:43,27.0377,14.4283,68.95,24,0,3.83
379,Zhoucheng,CN,2022-05-08 02:08:44,35.9122,116.3117,61.18,28,100,3.29
380,Karak,JO,2022-05-08 02:08:45,31.1667,35.75,50.41,48,11,3.44
381,Vangaindrano,MG,2022-05-08 02:08:45,-23.35,47.6,69.82,95,48,2.93
382,Pakxe,LA,2022-05-08 02:08:46,15.1167,105.7833,86.31,63,98,3.91
383,Campobello Di Mazara,IT,2022-05-08 02:08:47,37.6358,12.7443,57.85,97,31,6.42
384,Parry Sound,CA,2022-05-08 02:08:47,45.3501,-80.033,48.9,59,5,6.98
385,Saint Anthony,US,2022-05-08 02:08:48,45.0205,-93.218,67.78,33,0,17.27
386,Slave Lake,CA,2022-05-08 02:08:48,55.2834,-114.769,36.59,90,100,15.77
387,Piskivka,UA,2022-05-08 02:08:49,50.6938,29.6193,51.08,85,94,5.97
388,Samarai,PG,2022-05-08 02:08:49,-10.6167,150.6667,84.34,75,32,13.8
389,Buchanan,LR,2022-05-08 02:08:50,5.8808,-10.0467,78.19,86,100,4.9
390,Kiruna,SE,2022-05-08 02:08:50,67.8557,20.2251,29.32,69,75,13.8
391,Pizarro,CO,2022-05-08 02:08:51,4.9533,-77.366,79.36,83,89,4.88
392,Villa Union,MX,2022-05-08 02:08:52,23.2,-106.2333,75.16,73,0,6.91
393,Anadyr,RU,2022-05-08 02:08:52,64.75,177.4833,37.49,74,100,12.3
394,Iguape,BR,2022-05-08 02:08:53,-24.7081,-47.5553,66.97,74,98,6.2
395,Tabou,CI,2022-05-08 02:08:53,4.423,-7.3528,81.39,79,100,5.77
396,Pokhara,NP,2022-05-08 02:08:03,28.2333,83.9833,75.78,57,53,1.19
397,Puerto Colombia,CO,2022-05-08 02:08:54,10.9878,-74.9547,80.69,83,15,11.63
398,Mandurah,AU,2022-05-08 02:08:55,-32.55,115.7,70.92,38,53,4.94
399,Kavieng,PG,2022-05-08 02:08:55,-2.5744,150.7967,85.71,66,12,16.91
400,Lisakovsk,KZ,2022-05-08 02:08:56,52.5369,62.4936,45.59,35,51,4.12
401,Les Cayes,HT,2022-05-08 02:08:56,18.2,-73.75,76.14,86,12,2.91
402,Bambanglipuro,ID,2022-05-08 02:08:57,-7.95,110.2833,84.02,76,97,0.89
403,Ulladulla,AU,2022-05-08 02:08:57,-35.35,150.4667,64.76,41,0,2.68
404,Manono,CD,2022-05-08 02:08:58,-7.3,27.4167,68.05,87,100,3.15
405,Ambon,ID,2022-05-08 02:08:59,-3.6954,128.1814,86.14,79,40,8.05
406,Mwene-Ditu,CD,2022-05-08 02:08:59,-7.0,23.45,67.95,87,100,2.86
407,Aklavik,CA,2022-05-08 02:09:00,68.2191,-135.0107,36.23,80,99,8.08
408,Aiken,US,2022-05-08 02:09:00,33.5835,-81.5998,68.29,73,100,11.5
409,Isiro,CD,2022-05-08 02:09:01,2.7739,27.616,65.97,99,97,1.66
410,Adrar,MR,2022-05-08 02:10:02,20.5022,-10.0711,86.07,14,35,8.01
411,Saint-Pierre,RE,2022-05-08 02:10:03,-21.3393,55.4781,69.91,73,0,5.75
412,Coxim,BR,2022-05-08 02:10:03,-18.5067,-54.76,64.2,47,0,4.43
413,Zonguldak,TR,2022-05-08 02:10:04,41.25,31.8333,37.62,93,6,3.58
414,Soller,ES,2022-05-08 02:10:05,39.7662,2.7152,59.34,73,20,1.99
415,Zhuzhou,CN,2022-05-08 02:10:06,27.8333,113.15,70.3,92,100,1.83
416,Ixtapa,MX,2022-05-08 02:10:06,20.7,-105.2,77.23,78,40,8.05
417,Andenes,NO,2022-05-08 02:10:07,69.3143,16.1194,35.58,69,40,19.57
418,Onega,RU,2022-05-08 02:10:08,63.9061,38.1404,37.53,97,100,10.83
419,Marevo,RU,2022-05-08 02:10:08,57.3146,32.0804,47.89,96,100,7.54
420,Rio Grande,BR,2022-05-08 02:10:09,-32.035,-52.0986,59.63,81,1,7.52
421,Torbay,CA,2022-05-08 02:05:46,47.6666,-52.7314,35.28,85,75,12.24
422,Rokytne,UA,2022-05-08 02:10:10,51.2796,27.214,48.02,90,9,3.67
423,Mehamn,NO,2022-05-08 02:10:11,71.0357,27.8492,31.21,91,100,28.14
424,Jiuquan,CN,2022-05-08 02:10:11,39.7432,98.5174,64.49,31,27,6.38
425,Iquique,CL,2022-05-08 02:10:12,-20.2208,-70.1431,64.44,80,74,1.88
426,Sault Sainte Marie,CA,2022-05-08 02:06:23,46.5168,-84.3333,52.09,30,0,6.91
427,Kifri,IQ,2022-05-08 02:10:13,34.6959,44.9661,61.84,38,0,3.33
428,Lexington Park,US,2022-05-08 02:10:13,38.2668,-76.4538,51.64,94,100,18.41
429,Palauig,PH,2022-05-08 02:10:14,15.435,119.9045,88.83,55,41,2.24
430,Aldan,RU,2022-05-08 02:10:15,58.6031,125.3894,45.82,62,66,16.11
431,Ejido,VE,2022-05-08 02:10:15,8.5514,-71.2375,69.26,93,100,3.8
432,Hualmay,PE,2022-05-08 02:10:16,-11.0964,-77.6139,65.23,88,24,8.7
433,Heyang,CN,2022-05-08 02:10:17,26.1011,107.473,66.15,95,100,2.48
434,Tapes,BR,2022-05-08 02:06:31,-30.6733,-51.3958,60.22,83,0,6.15
435,Mtinko,TZ,2022-05-08 02:10:18,-4.55,34.85,57.06,87,22,8.72
436,Kahului,US,2022-05-08 02:10:18,20.8947,-156.47,78.82,68,20,24.16
437,Bajil,YE,2022-05-08 02:10:19,15.0584,43.2851,81.19,77,100,3.49
438,Pervomayskoye,RU,2022-05-08 02:10:20,43.919,46.7102,46.85,83,100,15.1
439,Sakakah,SA,2022-05-08 02:10:20,29.9697,40.2064,62.58,31,2,7.25
440,Pocone,BR,2022-05-08 02:10:21,-16.2567,-56.6228,65.82,50,0,2.13
441,Loubomo,CG,2022-05-08 02:10:21,-4.1997,12.6739,69.82,96,20,1.77
442,Dongsheng,CN,2022-05-08 02:10:22,39.8161,109.9776,50.83,61,100,11.03
443,Tazovskiy,RU,2022-05-08 02:10:23,67.4667,78.7,8.89,95,52,4.76
444,Pemangkat,ID,2022-05-08 02:10:23,1.1667,108.9667,81.27,79,100,3.47
445,Tornio,FI,2022-05-08 02:10:24,65.8481,24.1466,33.82,84,94,6.38
446,College,US,2022-05-08 02:10:24,64.8569,-147.8028,48.58,80,75,5.75
447,Liverpool,GB,2022-05-08 02:05:26,53.4106,-2.9779,52.79,85,100,8.05
448,Ormara,PK,2022-05-08 02:10:26,25.2088,64.6357,80.37,83,0,16.49
449,Dakar,SN,2022-05-08 02:08:12,14.6937,-17.4441,72.48,77,50,21.47
450,Kandrian,PG,2022-05-08 02:10:26,-6.2167,149.55,86.99,69,26,9.24
451,Benguela,AO,2022-05-08 02:10:27,-12.5763,13.4055,74.68,79,87,2.55
452,Porto San Giorgio,IT,2022-05-08 02:10:28,43.1827,13.7934,57.18,86,80,8.19
453,Ganzhou,CN,2022-05-08 02:09:18,28.8184,115.4327,68.88,94,100,2.59
454,Milas,TR,2022-05-08 02:10:29,37.3164,27.7839,49.35,87,0,2.3
455,Hosakote,IN,2022-05-08 02:10:29,14.2769,77.1699,81.46,58,29,10.6
456,Aktau,KZ,2022-05-08 02:11:30,43.65,51.2,57.78,94,99,9.69
457,Mackay,AU,2022-05-08 02:11:30,-21.15,149.2,73.69,82,100,17.18
458,Chapais,CA,2022-05-08 02:11:31,49.7834,-74.8492,27.93,86,0,4.68
459,Tambopata,PE,2022-05-08 02:11:32,-12.7333,-69.1833,69.82,74,48,2.62
460,Bonfim,BR,2022-05-08 02:11:32,3.0833,-59.95,76.08,86,78,1.5
461,Te Anau,NZ,2022-05-08 02:11:33,-45.4167,167.7167,60.39,86,100,3.91
462,Maragogi,BR,2022-05-08 02:11:34,-9.0122,-35.2225,76.89,82,99,7.27
463,Kabare,CD,2022-05-08 02:11:34,-2.4683,28.8242,59.38,96,100,1.23
464,Sao Felix Do Xingu,BR,2022-05-08 02:07:24,-6.6447,-51.995,73.02,90,6,1.28
465,Sibolga,ID,2022-05-08 02:07:23,1.7427,98.7792,80.78,81,100,1.1
466,Dreux,FR,2022-05-08 02:11:35,48.6667,1.25,49.98,98,10,7.14
467,Presidencia Roque Saenz Pena,AR,2022-05-08 02:11:36,-26.7852,-60.4388,60.6,86,5,6.2
468,Lake Jackson,US,2022-05-08 02:11:36,29.0339,-95.4344,80.64,88,100,10.36
469,Dudinka,RU,2022-05-08 02:11:37,69.4058,86.1778,16.63,95,46,10.02
470,Ampanihy,MG,2022-05-08 02:11:38,-24.7,44.75,67.44,88,0,3.47
471,Buriti Bravo,BR,2022-05-08 02:11:38,-5.8372,-43.8336,75.36,68,67,2.51
472,Sao Gabriel Da Cachoeira,BR,2022-05-08 02:11:39,-0.1303,-67.0892,72.23,99,64,1.54
473,Lodwar,KE,2022-05-08 02:11:39,3.1191,35.5973,82.2,57,63,13.33
474,Naze,JP,2022-05-08 02:11:40,28.3667,129.4833,71.71,79,100,9.82
475,Kampot,KH,2022-05-08 02:11:41,10.6167,104.1833,84.25,77,100,7.78
476,Chaozhou,CN,2022-05-08 02:11:42,23.6651,116.6379,77.99,67,100,2.62
477,Inuvik,CA,2022-05-08 02:11:42,68.3499,-133.7218,34.86,89,100,5.75
478,Sinnamary,GF,2022-05-08 02:11:43,5.3833,-52.95,77.58,87,71,8.88
479,Noyabrsk,RU,2022-05-08 02:11:44,63.1994,75.4507,25.95,86,10,9.71
480,Gubskaya,RU,2022-05-08 02:11:44,44.3164,40.6358,41.18,92,99,1.79
481,Westport,US,2022-05-08 02:08:47,41.1415,-73.3579,49.55,51,100,20.71
482,Hauge,NO,2022-05-08 02:11:45,58.3436,6.2812,40.69,69,42,11.41
483,Comodoro Rivadavia,AR,2022-05-08 02:11:46,-45.8667,-67.5,71.46,40,0,14.97
484,Kokstad,ZA,2022-05-08 02:11:46,-30.5472,29.4241,50.85,97,97,3.85
485,Qianan,CN,2022-05-08 02:11:47,44.9932,124.0581,62.76,20,92,4.23
486,Shitanjing,CN,2022-05-08 02:11:47,39.2342,106.3439,54.46,43,100,4.92
487,Mahanoro,MG,2022-05-08 02:11:48,-19.9,48.8,72.07,93,12,2.8
488,Hofn,IS,2022-05-08 02:11:49,64.2539,-15.2082,43.12,71,100,8.46
489,Talcahuano,CL,2022-05-08 02:11:49,-36.7167,-73.1167,55.08,88,20,6.91
490,Mangan,IN,2022-05-08 02:11:50,27.5167,88.5333,73.04,77,100,1.9
491,Boa Vista,BR,2022-05-08 02:11:50,2.8197,-60.6733,78.78,78,40,2.3
492,Carutapera,BR,2022-05-08 02:11:51,-1.195,-46.02,76.14,92,100,3.29
493,Charters Towers,AU,2022-05-08 02:11:51,-20.1,146.2667,76.77,71,100,13.82
494,Ust-Tsilma,RU,2022-05-08 02:11:52,65.441,52.1498,41.16,91,65,7.87
495,Kimbe,PG,2022-05-08 02:11:53,-5.5502,150.1429,90.23,59,21,5.79
496,Severnyy,RU,2022-05-08 02:11:53,50.677,36.5532,44.64,53,75,4.47
497,Fallon,US,2022-05-08 02:07:06,39.4735,-118.7774,64.27,18,0,16.11
498,Itarema,BR,2022-05-08 02:11:54,-2.9248,-39.9167,77.05,89,94,11.79
499,Mwanza,TZ,2022-05-08 02:11:55,-2.5167,32.9,67.68,80,90,5.1
500,La Primavera,CO,2022-05-08 02:11:55,5.4906,-70.4092,72.59,97,99,3.65
501,Whitianga,NZ,2022-05-08 02:11:56,-36.8333,175.7,65.43,61,20,5.91
502,Lasa,IT,2022-05-08 02:11:57,46.6166,10.7002,48.36,93,95,2.48
503,Asfi,MA,2022-05-08 02:11:57,32.2994,-9.2372,64.49,72,76,13.42
504,Svobodnyy,RU,2022-05-08 02:12:13,51.4,128.1333,54.32,22,0,8.19
505,Lichinga,MZ,2022-05-08 02:12:58,-13.3128,35.2406,55.92,90,37,3.83
506,Kawalu,ID,2022-05-08 02:12:59,-7.3817,108.2082,81.91,77,25,3.2
507,Mushie,CD,2022-05-08 02:12:59,-3.0167,16.9,71.73,93,100,0.96
508,Kosh,AM,2022-05-08 02:13:00,40.3,44.1558,46.65,77,99,1.88
509,Largs,GB,2022-05-08 02:13:00,55.7963,-4.8634,51.76,90,100,4.5
510,Vila,PT,2022-05-08 02:13:01,42.0304,-8.1588,52.68,80,98,3.04
511,Uige,AO,2022-05-08 02:13:02,-7.6087,15.0613,68.22,94,100,1.81
512,Bethel,US,2022-05-08 02:09:16,41.3712,-73.414,48.29,47,100,12.66
513,Karasburg,NA,2022-05-08 02:13:03,-28.0167,18.75,42.66,79,0,4.99
514,Zapadnaya Dvina,RU,2022-05-08 02:13:03,56.259,32.0745,46.22,96,100,6.49
515,Mahibadhoo,MV,2022-05-08 02:13:04,3.7833,72.9667,84.38,75,100,13.09
516,Gornopravdinsk,RU,2022-05-08 02:13:04,60.05,69.9,39.83,94,88,3.29
517,Malanje,AO,2022-05-08 02:13:05,-9.5402,16.341,62.33,95,89,1.48
518,Malacacheta,BR,2022-05-08 02:13:06,-17.8422,-42.0767,62.56,98,37,3.09
519,Majene,ID,2022-05-08 02:13:06,-3.5403,118.9707,86.0,69,68,1.5
520,Broken Hill,AU,2022-05-08 02:13:07,-31.95,141.4333,58.8,51,0,8.84
521,Mercedes,AR,2022-05-08 02:10:47,-34.6515,-59.4307,60.78,91,2,8.48
522,Nanpiao,CN,2022-05-08 02:13:08,41.0982,120.7479,54.72,41,100,5.53
523,Nelson Bay,AU,2022-05-08 02:13:08,-32.7167,152.15,68.0,48,0,3.0
524,Eyl,SO,2022-05-08 02:13:09,7.9803,49.8164,80.49,83,85,9.46
525,Buraydah,SA,2022-05-08 02:13:09,26.326,43.975,70.81,23,3,11.41
526,Balsas,BR,2022-05-08 02:13:10,-7.5325,-46.0356,78.49,60,100,2.17
527,Verkhoyansk,RU,2022-05-08 02:13:11,67.5447,133.385,27.45,69,100,4.83
528,Bokoro,TD,2022-05-08 02:13:11,12.3807,17.0568,91.02,35,100,8.03
529,Tungor,RU,2022-05-08 02:13:12,53.3808,142.9564,36.81,82,100,8.57
530,Bosobolo,CD,2022-05-08 02:13:12,4.1833,19.9,69.71,90,98,1.3
531,Puebloviejo,CO,2022-05-08 02:13:13,10.9938,-74.2844,85.03,83,91,6.11
532,San Policarpo,PH,2022-05-08 02:13:14,12.1791,125.5072,84.18,75,23,12.95
533,Tashtyp,RU,2022-05-08 02:13:14,52.7939,89.8983,42.03,48,13,16.98
534,Fagersta,SE,2022-05-08 02:13:15,60.0042,15.7932,34.99,55,57,3.47
535,Otautau,NZ,2022-05-08 02:13:16,-46.15,168.0,58.44,93,100,1.7
536,Tulu Bolo,ET,2022-05-08 02:13:16,8.6667,38.2167,60.62,46,18,0.69
537,Zhigansk,RU,2022-05-08 02:13:17,66.7697,123.3711,30.45,93,100,13.38
538,Araouane,ML,2022-05-08 02:13:17,18.9048,-3.5265,83.79,14,0,14.09
539,San Vicente,AR,2022-05-08 02:13:18,-26.6167,-54.1333,53.35,98,76,2.57
540,Victor Harbor,AU,2022-05-08 02:13:18,-35.5667,138.6167,61.0,63,76,2.33
541,Bankura,IN,2022-05-08 02:13:19,23.25,87.0667,87.3,54,15,8.05
542,Abu Samrah,SY,2022-05-08 02:13:20,35.3029,37.1841,54.97,72,45,9.01
543,Nangomba,TZ,2022-05-08 02:13:20,-10.9,38.5,66.92,97,19,2.35
544,Pozhva,RU,2022-05-08 02:13:21,59.0912,56.0847,44.11,76,87,7.25
545,Omboue,GA,2022-05-08 02:13:22,-1.5746,9.2618,76.14,89,100,3.89
546,Newport,GB,2022-05-08 02:13:22,51.5877,-2.9984,54.45,84,100,7.94
547,Velsk,RU,2022-05-08 02:13:23,61.0701,42.0983,47.19,85,41,10.71
548,Calama,CL,2022-05-08 02:13:24,-22.4667,-68.9333,52.29,50,0,5.75
549,Penticton,CA,2022-05-08 02:10:04,49.4806,-119.5858,56.41,46,83,10.6
550,Half Moon Bay,US,2022-05-08 02:10:33,37.4636,-122.4286,61.41,71,0,33.38
551,Padang,ID,2022-05-08 02:13:25,-0.9492,100.3543,80.65,69,100,0.56
552,Rocha,UY,2022-05-08 02:13:25,-34.4833,-54.3333,56.46,92,7,4.7
553,Zhireken,RU,2022-05-08 02:14:26,52.8249,117.3076,60.4,18,99,7.96
554,Urusha,RU,2022-05-08 02:14:26,54.05,122.9,57.47,23,99,6.8
555,Tezu,IN,2022-05-08 02:12:47,27.9167,96.1667,81.41,63,61,1.14
556,Ruteng,ID,2022-05-08 02:14:26,-8.6136,120.4721,76.23,62,54,1.86
557,Kupang,ID,2022-05-08 02:14:28,-10.1667,123.5833,86.58,63,16,15.79
558,Hearst,CA,2022-05-08 02:14:29,49.6835,-83.6665,45.52,52,88,6.6
